{
  "name": "root",
  "tabBar": {
    "frames": [{
      "title": "首页",
      "name": "page1",
      "url": "widget://html/main.html"
    }, {
      "title": "收藏",
      "name": "page2",
      "url": "widget://html/myCollection.html"
    }, {
      "title": "购物车",
      "name": "page3",
      "url": "widget://html/shoppingCart.html"
    }, {
      "title": "我的",
      "name": "page4",
      "url": "widget://html/personalCenter.html"
    }],
    "list": [{
        "text": "首页",
        "iconPath": "widget://image/ficon1.png",
        "selectedIconPath": "widget://image/ficon1-1.png"
      },
      {
        "text": "收藏",
        "iconPath": "widget://image/ficon2.png",
        "selectedIconPath": "widget://image/ficon2-1.png"
      },
      {
        "text": "购物车",
        "iconPath": "widget://image/ficon3.png",
        "selectedIconPath": "widget://image/ficon3-1.png"
      },
      {
        "text": "我的",
        "iconPath": "widget://image/ficon4.png",
        "selectedIconPath": "widget://image/ficon4-1.png"
      }
    ]
  }
}